username,joined_date
gfigger0,2019-09-26 13:02:29
nlarcier1,2019-08-23 04:28:41
tkunkel2,2019-07-17 10:33:02
jstockport3,2019-05-08 03:18:27
mclem4,2019-02-23 03:29:21
ayes5,2019-03-28 22:39:27
vgheorghie6,2019-03-04 12:34:15
drutland7,2019-10-02 11:12:21
fwisher8,2019-03-25 05:19:36
egallimore9,2019-02-10 13:39:29
rkavea,2019-10-08 03:08:35
dcrossgroveb,2019-03-11 09:24:49
rvasserc,2019-03-19 00:56:16
kspandleyd,2019-06-02 21:13:49
asearstone,2019-04-30 23:03:46
lkemblef,2019-09-19 21:59:36
hhaugheyg,2018-11-12 05:31:04
kcoleh,2019-05-01 11:51:24
tianittii,2019-03-07 20:42:13
arubinowj,2019-07-08 22:17:35
ofinek,2019-08-25 08:35:13
brushworthl,2018-10-20 07:38:24
kespm,2019-04-24 19:16:41
tstrangmann,2019-02-07 00:51:46
neburaho,2019-06-05 13:11:40
tcasperrip,2019-03-21 09:32:49
jalyoshinq,2019-05-19 22:35:58
kbuncomber,2019-02-07 04:02:35
achipperfields,2019-05-20 18:20:38
kandrezt,2019-05-10 17:29:01
dgillogleyu,2019-07-07 22:58:24
cbullivantv,2018-11-07 07:12:43
tcoulesw,2019-04-27 06:39:26
carrowx,2019-05-07 12:02:48
sgochy,2019-10-15 01:56:23
omarienz,2018-12-13 02:00:51
fseifenmacher10,2019-08-03 02:10:00
mkarpychev11,2019-03-20 21:53:57
rpotticary12,2019-10-12 04:42:37
mwhittlesea13,2019-05-05 04:22:53
pguirau14,2019-08-12 11:30:46
gspadollini15,2019-05-28 02:32:55
sbrinkman16,2019-01-01 09:46:07
gschule17,2019-09-22 18:05:10
hsaladino18,2019-04-14 22:13:12
vjanson19,2018-11-03 23:21:21
cphelp1a,2019-01-03 15:56:38
kpechell1b,2019-10-05 07:10:01
kcrollman1c,2018-10-19 17:25:17
mlevitt1d,2018-10-16 13:10:19
